{
  "version": 1,
  "author": "Gustavo Granja",
  "editor": "wokwi",
  "parts": [
    {
      "type": "board-esp32-devkit-c-v4",
      "id": "esp",
      "top": 0,
      "left": -4.76,
      "rotate": 270,
      "attrs": {}
    },
    {
      "type": "wokwi-led",
      "id": "led1",
      "top": -22.8,
      "left": -44.2,
      "attrs": { "color": "red" }
    }
  ],
  "connections": [
    [ "esp:TX", "$serialMonitor:RX", "", [] ],
    [ "esp:RX", "$serialMonitor:TX", "", [] ],
    [ "led1:C", "esp:GND.2", "black", [ "h-9.2", "v39.54" ] ],
    [ "led1:A", "esp:22", "black", [ "h9.6", "v39.54" ] ]
  ],
  "dependencies": {}
}