{
  "version": 1,
  "author": "Gustavo Granja",
  "editor": "wokwi",
  "parts": [
    { "type": "wokwi-breadboard", "id": "bb1", "top": -118.2, "left": -45.2, "attrs": {} },
    {
      "type": "board-esp32-devkit-c-v4",
      "id": "esp",
      "top": 46.86,
      "left": -3.1,
      "rotate": 270,
      "attrs": {}
    },
    { "type": "wokwi-led", "id": "led1", "top": -42, "left": 32.6, "attrs": { "color": "red" } },
    { "type": "wokwi-led", "id": "led2", "top": -42, "left": 61.4, "attrs": { "color": "red" } },
    { "type": "wokwi-led", "id": "led3", "top": -42, "left": 80.6, "attrs": { "color": "red" } }
  ],
  "connections": [
    [ "esp:TX", "$serialMonitor:RX", "", [] ],
    [ "esp:RX", "$serialMonitor:TX", "", [] ],
    [ "bb1:bn.1", "esp:GND.2", "black", [ "h-39.2", "v27.5" ] ],
    [ "bb1:5b.j", "bb1:bn.3", "black", [ "v0" ] ],
    [ "bb1:13b.j", "bb1:bn.10", "black", [ "v0" ] ],
    [ "esp:2", "bb1:14b.j", "black", [ "v0" ] ],
    [ "bb1:8b.j", "bb1:bn.5", "black", [ "v0", "v39.7" ] ],
    [ "bb1:12b.j", "esp:4", "black", [ "v0" ] ],
    [ "bb1:11b.j", "bb1:bn.8", "black", [ "v0" ] ],
    [ "esp:5", "bb1:9b.g", "black", [ "v0" ] ],
    [ "led1:A", "bb1:9b.f", "", [ "$bb" ] ],
    [ "led1:C", "bb1:8b.f", "", [ "$bb" ] ],
    [ "led2:A", "bb1:12b.f", "", [ "$bb" ] ],
    [ "led2:C", "bb1:11b.f", "", [ "$bb" ] ],
    [ "led3:A", "bb1:14b.f", "", [ "$bb" ] ],
    [ "led3:C", "bb1:13b.f", "", [ "$bb" ] ]
  ],
  "dependencies": {}
}